15.png,31
1786.png,55
1551.png,50
1748.png,54
1640.png,52
787.png,40
1177.png,44
1412.png,48
1170.png,44
1739.png,54
510.png,37
1874.png,56
3.png,31
1081.png,43
1502.png,49
900.png,42
1809.png,55
1226.png,45
1779.png,55
44.png,31
1266.png,46
1287.png,46
99.png,31
758.png,40
1389.png,47
723.png,40
1572.png,51
1166.png,44
807.png,41
1139.png,44
1853.png,56
84.png,31
1566.png,50
1683.png,53
175.png,32
1601.png,51
781.png,40
266.png,33
1563.png,50
417.png,36
1770.png,54
1700.png,53
294.png,33
398.png,35
761.png,40
1295.png,46
1573.png,51
531.png,37
1050.png,43
1149.png,44
318.png,34
1472.png,49
556.png,37
1767.png,54
1595.png,51
1859.png,56
796.png,40
1699.png,53
1062.png,43
201.png,33
1769.png,54
487.png,37
548.png,37
1411.png,48
26.png,31
443.png,36
1574.png,51
1578.png,51
628.png,39
810.png,41
222.png,33
735.png,40
524.png,37
1848.png,56
1065.png,43
1866.png,56
393.png,35
1413.png,48
1292.png,46
255.png,33
935.png,42
836.png,41
1605.png,51
1343.png,47
450.png,36
341.png,34
730.png,40
431.png,36
1425.png,48
1675.png,53
422.png,36
1075.png,43
387.png,35
117.png,31
146.png,32
907.png,42
594.png,38
982.png,42
1394.png,48
1617.png,51
562.png,37
1263.png,45
1172.png,44
1132.png,44
815.png,41
420.png,36
127.png,31
553.png,37
517.png,37
968.png,42
55.png,31
1637.png,52
1374.png,47
407.png,35
967.png,42
1505.png,49
83.png,31
1426.png,48
1004.png,43
1620.png,51
653.png,39
1277.png,46
366.png,35
961.png,42
1128.png,44
1130.png,44
419.png,36
612.png,38
68.png,31
637.png,39
262.png,33
67.png,31
697.png,39
1668.png,52
1192.png,45
1828.png,56
991.png,43
1249.png,45
1799.png,55
540.png,37
1237.png,45
7.png,31
608.png,38
813.png,41
1704.png,53
798.png,40
563.png,37
1300.png,46
1415.png,48
1276.png,46
1185.png,44
879.png,41
326.png,34
1269.png,46
81.png,31
1883.png,56
584.png,38
1571.png,51
53.png,31
1009.png,43
1797.png,55
426.png,36
949.png,42
304.png,33
1014.png,43
402.png,35
1211.png,45
79.png,31
1838.png,56
414.png,36
1463.png,48
1586.png,51
598.png,38
863.png,41
476.png,37
1113.png,44
755.png,40
451.png,36
728.png,40
1119.png,44
962.png,42
1059.png,43
906.png,42
1154.png,44
295.png,33
59.png,31
1780.png,55
1118.png,44
1509.png,49
1633.png,52
647.png,39
1625.png,52
722.png,40
164.png,32
1609.png,51
319.png,34
664.png,39
1165.png,44
804.png,41
305.png,33
1583.png,51
1238.png,45
1071.png,43
351.png,34
1378.png,47
843.png,41
649.png,39
1294.png,46
1614.png,51
853.png,41
793.png,40
1273.png,46
716.png,40
714.png,40
1491.png,49
1438.png,48
1395.png,48
996.png,43
822.png,41
676.png,39
1589.png,51
960.png,42
1821.png,55
1722.png,53
1040.png,43
25.png,31
409.png,36
1519.png,49
975.png,42
1593.png,51
1657.png,52
713.png,40
1013.png,43
621.png,39
448.png,36
424.png,36
210.png,33
1007.png,43
198.png,33
337.png,34
1070.png,43
1478.png,49
364.png,35
436.png,36
278.png,33
444.png,36
1.png,31
1546.png,50
228.png,33
1296.png,46
1373.png,47
403.png,35
705.png,39
1407.png,48
300.png,33
54.png,31
1835.png,56
129.png,31
903.png,42
1452.png,48
1567.png,50
1049.png,43
1721.png,53
1060.png,43
1643.png,52
569.png,38
77.png,31
1473.png,49
1024.png,43
1557.png,50
874.png,41
974.png,42
828.png,41
1677.png,53
681.png,39
209.png,33
726.png,40
118.png,31
1261.png,45
331.png,34
871.png,41
379.png,35
463.png,37
1405.png,48
1164.png,44
814.png,41
1342.png,47
1671.png,52
145.png,32
1618.png,51
1379.png,47
1493.png,49
905.png,42
1689.png,53
1484.png,49
812.png,41
1455.png,48
64.png,31
1466.png,49
1729.png,54
1325.png,46
1553.png,50
773.png,40
8.png,31
1219.png,45
1077.png,43
665.png,39
234.png,33
1634.png,52
616.png,38
1043.png,43
1369.png,47
1053.png,43
1348.png,47
1298.png,46
1010.png,43
748.png,40
1538.png,50
1224.png,45
472.png,37
1352.png,47
993.png,43
706.png,39
1756.png,54
1436.png,48
1340.png,47
1709.png,53
1533.png,50
1435.png,48
827.png,41
669.png,39
1208.png,45
662.png,39
1792.png,55
173.png,32
332.png,34
878.png,41
1485.png,49
1304.png,46
1734.png,54
720.png,40
196.png,33
1121.png,44
285.png,33
1370.png,47
685.png,39
625.png,39
186.png,32
1029.png,43
766.png,40
888.png,41
651.png,39
1602.png,51
430.png,36
438.png,36
45.png,31
6.png,31
412.png,36
1588.png,51
1291.png,46
994.png,43
1747.png,54
1789.png,55
269.png,33
385.png,35
1813.png,55
1449.png,48
593.png,38
1548.png,50
462.png,37
1109.png,44
936.png,42
1402.png,48
1054.png,43
1649.png,52
258.png,33
834.png,41
1283.png,46
1434.png,48
410.png,36
580.png,38
23.png,31
688.png,39
739.png,40
457.png,36
172.png,32
469.png,37
349.png,34
1094.png,43
1216.png,45
525.png,37
315.png,34
965.png,42
439.png,36
1353.png,47
35.png,31
704.png,39
1367.png,47
1158.png,44
532.png,37
1067.png,43
115.png,31
345.png,34
1376.png,47
1135.png,44
953.png,42
1147.png,44
1730.png,54
432.png,36
340.png,34
334.png,34
20.png,31
471.png,37
1645.png,52
702.png,39
1670.png,52
441.png,36
1736.png,54
1227.png,45
765.png,40
1840.png,56
1494.png,49
1850.png,56
857.png,41
261.png,33
1766.png,54
1290.png,46
267.png,33
1591.png,51
1507.png,49
547.png,37
989.png,43
1510.png,49
1235.png,45
179.png,32
1350.png,47
1420.png,48
119.png,31
1678.png,53
740.png,40
753.png,40
292.png,33
1845.png,56
1087.png,43
1765.png,54
696.png,39
1764.png,54
1647.png,52
1112.png,44
22.png,31
732.png,40
780.png,40
1003.png,43
497.png,37
1385.png,47
494.png,37
551.png,37
1726.png,53
1616.png,51
90.png,31
811.png,41
1579.png,51
507.png,37
80.png,31
103.png,31
252.png,33
558.png,37
184.png,32
767.png,40
347.png,34
1741.png,54
824.png,41
1451.png,48
899.png,42
116.png,31
875.png,41
96.png,31
921.png,42
1702.png,53
518.png,37
972.png,42
1822.png,55
289.png,33
465.png,37
674.png,39
1231.png,45
852.png,41
1205.png,45
1388.png,47
1313.png,46
1052.png,43
718.png,40
1365.png,47
797.png,40
358.png,34
208.png,33
577.png,38
1784.png,55
239.png,33
1207.png,45
947.png,42
1180.png,44
254.png,33
1171.png,44
970.png,42
1345.png,47
187.png,32
1396.png,48
1445.png,48
1354.png,47
1042.png,43
950.png,42
74.png,31
307.png,33
966.png,42
1173.png,44
131.png,31
1716.png,53
671.png,39
1482.png,49
1063.png,43
1045.png,43
204.png,33
833.png,41
52.png,31
1047.png,43
1268.png,46
423.png,36
1019.png,43
737.png,40
449.png,36
799.png,40
1819.png,55
1159.png,44
501.png,37
396.png,35
860.png,41
374.png,35
1817.png,55
692.png,39
789.png,40
1223.png,45
917.png,42
111.png,31
865.png,41
916.png,42
1827.png,56
931.png,42
89.png,31
1785.png,55
627.png,39
1532.png,50
1788.png,55
1198.png,45
1088.png,43
1178.png,44
108.png,31
1860.png,56
1737.png,54
220.png,33
312.png,34
944.png,42
1832.png,56
511.png,37
783.png,40
378.png,35
1201.png,45
1336.png,47
470.png,37
1163.png,44
493.png,37
1282.png,46
369.png,35
1808.png,55
1804.png,55
983.png,42
1790.png,55
1836.png,56
1837.png,56
823.png,41
1476.png,49
1129.png,44
200.png,33
1001.png,43
1360.png,47
1090.png,43
1387.png,47
686.png,39
1328.png,46
1106.png,44
1433.png,48
1615.png,51
328.png,34
574.png,38
1181.png,44
323.png,34
193.png,33
158.png,32
1462.png,48
1362.png,47
1073.png,43
1752.png,54
1311.png,46
69.png,31
352.png,34
1363.png,47
1659.png,52
876.png,41
1301.png,46
447.png,36
1064.png,43
1743.png,54
759.png,40
1057.png,43
1078.png,43
784.png,40
485.png,37
523.png,37
178.png,32
215.png,33
170.png,32
987.png,42
213.png,33
1454.png,48
1111.png,44
924.png,42
136.png,31
95.png,31
1750.png,54
512.png,37
738.png,40
838.png,41
1318.png,46
62.png,31
1881.png,56
49.png,31
687.png,39
1422.png,48
109.png,31
684.png,39
1534.png,50
342.png,34
1176.png,44
1480.png,49
914.png,42
679.png,39
1044.png,43
668.png,39
1105.png,44
842.png,41
365.png,35
367.png,35
578.png,38
521.png,37
712.png,40
399.png,35
922.png,42
948.png,42
100.png,31
1138.png,44
725.png,40
290.png,33
1427.png,48
1110.png,44
363.png,35
801.png,40
1368.png,47
38.png,31
933.png,42
456.png,36
955.png,42
1469.png,49
1561.png,50
1564.png,50
999.png,43
125.png,31
750.png,40
980.png,42
1834.png,56
10.png,31
1760.png,54
1335.png,47
1229.png,45
1145.png,44
144.png,32
951.png,42
579.png,38
1681.png,53
925.png,42
1642.png,52
1619.png,51
322.png,34
291.png,33
986.png,42
224.png,33
1175.png,44
1489.png,49
1136.png,44
1093.png,43
772.png,40
742.png,40
585.png,38
605.png,38
792.png,40
1315.png,46
1570.png,51
217.png,33
1076.png,43
1539.png,50
595.png,38
1847.png,56
1097.png,44
479.png,37
376.png,35
1498.png,49
150.png,32
890.png,42
484.png,37
736.png,40
639.png,39
1209.png,45
206.png,33
1293.png,46
654.png,39
1798.png,55
1550.png,50
1349.png,47
2.png,31
1628.png,52
969.png,42
604.png,38
362.png,35
575.png,38
1516.png,49
1189.png,44
646.png,39
1698.png,53
1460.png,48
498.png,37
840.png,41
406.png,35
1530.png,50
1613.png,51
153.png,32
128.png,31
194.png,33
287.png,33
599.png,38
36.png,31
919.png,42
839.png,41
1021.png,43
1397.png,48
105.png,31
591.png,38
1820.png,55
1450.png,48
474.png,37
1188.png,44
481.png,37
236.png,33
1826.png,55
1080.png,43
1459.png,48
1665.png,52
541.png,37
88.png,31
1545.png,50
1529.png,50
672.png,39
1676.png,53
336.png,34
339.png,34
394.png,35
353.png,34
695.png,39
1475.png,49
1417.png,48
405.png,35
1710.png,53
1366.png,47
586.png,38
1286.png,46
831.png,41
40.png,31
1307.png,46
592.png,38
1212.png,45
245.png,33
1664.png,52
589.png,38
1250.png,45
1524.png,50
1787.png,55
253.png,33
1096.png,43
1351.png,47
1727.png,53
1697.png,53
1660.png,52
1321.png,46
265.png,33
1604.png,51
1364.png,47
544.png,37
1674.png,53
1707.png,53
330.png,34
1140.png,44
582.png,38
276.png,33
1400.png,48
566.png,38
746.png,40
1526.png,50
1002.png,43
354.png,34
520.png,37
1153.png,44
782.png,40
156.png,32
506.png,37
1562.png,50
1058.png,43
846.png,41
1011.png,43
1549.png,50
613.png,38
1068.png,43
490.png,37
636.png,39
1092.png,43
1288.png,46
482.png,37
1055.png,43
30.png,31
1000.png,43
1501.png,49
355.png,34
1778.png,55
1488.png,49
361.png,35
1655.png,52
847.png,41
1503.png,49
849.png,41
1554.png,50
102.png,31
561.png,37
263.png,33
1547.png,50
1037.png,43
939.png,42
1842.png,56
135.png,31
1432.png,48
73.png,31
1758.png,54
1337.png,47
299.png,33
1280.png,46
667.png,39
1467.png,49
445.png,36
859.png,41
434.png,36
163.png,32
881.png,41
1663.png,52
1464.png,49
885.png,41
325.png,34
626.png,39
503.png,37
1431.png,48
979.png,42
1864.png,56
1117.png,44
1312.png,46
251.png,33
631.png,39
32.png,31
1880.png,56
483.png,37
1453.png,48
232.png,33
519.png,37
1306.png,46
675.png,39
1303.png,46
945.png,42
904.png,42
123.png,31
207.png,33
320.png,34
1768.png,54
274.png,33
1155.png,44
238.png,33
545.png,37
1632.png,52
149.png,32
1361.png,47
197.png,33
854.png,41
416.png,36
31.png,31
1234.png,45
56.png,31
683.png,39
39.png,31
1807.png,55
1196.png,45
1543.png,50
1744.png,54
632.png,39
1285.png,46
1495.png,49
1513.png,49
1026.png,43
1404.png,48
869.png,41
606.png,38
1641.png,52
928.png,42
1398.png,48
142.png,32
1262.png,45
1652.png,52
1257.png,45
526.png,37
1046.png,43
929.png,42
1187.png,44
666.png,39
1271.png,46
283.png,33
114.png,31
1862.png,56
1085.png,43
1483.png,49
603.png,38
1772.png,54
390.png,35
643.png,39
1706.png,53
1626.png,52
1622.png,51
1805.png,55
1023.png,43
4.png,31
359.png,34
1506.png,49
785.png,40
182.png,32
233.png,33
1732.png,54
655.png,39
1331.png,47
413.png,36
959.png,42
230.png,33
1714.png,53
1322.png,46
1600.png,51
1701.png,53
327.png,34
1829.png,56
536.png,37
568.png,38
1873.png,56
698.png,39
240.png,33
1193.png,45
275.png,33
218.png,33
642.png,39
926.png,42
559.png,37
1107.png,44
1782.png,55
778.png,40
1504.png,49
249.png,33
997.png,43
1576.png,51
757.png,40
978.png,42
1762.png,54
382.png,35
1686.png,53
923.png,42
112.png,31
707.png,39
751.png,40
1329.png,46
321.png,34
817.png,41
1169.png,44
794.png,40
1323.png,46
1738.png,54
1581.png,51
235.png,33
1392.png,48
1206.png,45
1338.png,47
1218.png,45
1381.png,47
42.png,31
641.png,39
760.png,40
1882.png,56
1151.png,44
1479.png,49
1259.png,45
1284.png,46
1356.png,47
264.png,33
280.png,33
535.png,37
243.png,33
1568.png,50
1100.png,44
1086.png,43
508.png,37
516.png,37
588.png,38
1857.png,56
34.png,31
1630.png,52
1038.png,43
744.png,40
72.png,31
260.png,33
1316.png,46
915.png,42
1144.png,44
1157.png,44
1814.png,55
464.png,37
1051.png,43
297.png,33
938.png,42
395.png,35
1839.png,56
645.png,39
247.png,33
770.png,40
976.png,42
1740.png,54
572.png,38
623.png,39
138.png,32
1823.png,55
1661.png,52
167.png,32
1774.png,54
1754.png,54
920.png,42
893.png,42
1556.png,50
492.png,37
392.png,35
1879.png,56
454.png,36
1102.png,44
981.png,42
952.png,42
635.png,39
14.png,31
277.png,33
212.png,33
311.png,34
1248.png,45
461.png,37
826.png,41
1410.png,48
242.png,33
181.png,32
1416.png,48
391.png,35
1523.png,50
1872.png,56
1099.png,44
486.png,37
724.png,40
868.png,41
505.png,37
1610.png,51
63.png,31
1265.png,45
1742.png,54
1496.png,49
29.png,31
1816.png,55
333.png,34
1324.png,46
1749.png,54
762.png,40
418.png,36
882.png,41
1267.png,46
964.png,42
1072.png,43
1243.png,45
1421.png,48
137.png,32
1755.png,54
634.png,39
177.png,32
1691.png,53
76.png,31
858.png,41
1582.png,51
768.png,40
1142.png,44
1517.png,49
897.png,42
680.png,39
1309.png,46
148.png,32
377.png,35
587.png,38
1537.png,50
1694.png,53
864.png,41
1552.png,50
1428.png,48
1607.png,51
190.png,33
1870.png,56
1520.png,50
1461.png,48
225.png,33
381.png,35
1025.png,43
1871.png,56
488.png,37
1603.png,51
1022.png,43
619.png,38
1382.png,47
1146.png,44
1061.png,43
1651.png,52
1851.png,56
1141.png,44
94.png,31
1239.png,45
1419.png,48
468.png,37
1179.png,44
317.png,34
1020.png,43
583.png,38
1810.png,55
803.png,40
1423.png,48
1275.png,46
886.png,41
1457.png,48
91.png,31
534.png,37
711.png,40
1773.png,54
1720.png,53
216.png,33
442.png,36
1511.png,49
51.png,31
93.png,31
356.png,34
1390.png,48
1028.png,43
1725.png,53
1763.png,54
1279.png,46
1326.png,46
284.png,33
1458.png,48
1443.png,48
1468.png,49
11.png,31
673.png,39
694.png,39
1854.png,56
499.png,37
709.png,39
1264.png,45
1274.png,46
543.png,37
678.png,39
1289.png,46
894.png,42
1200.png,45
57.png,31
1134.png,44
1006.png,43
956.png,42
530.png,37
1650.png,52
1131.png,44
370.png,35
731.png,40
211.png,33
192.png,33
1719.png,53
1777.png,55
749.png,40
1319.png,46
1806.png,55
1846.png,56
221.png,33
774.png,40
1256.png,45
400.png,35
296.png,33
1781.png,55
703.png,39
37.png,31
845.png,41
745.png,40
1875.png,56
590.png,38
1470.png,49
1555.png,50
942.png,42
219.png,33
514.png,37
1812.png,55
1481.png,49
1761.png,54
429.png,36
1878.png,56
1446.png,48
908.png,42
12.png,31
293.png,33
329.png,34
1125.png,44
1508.png,49
820.png,41
1492.png,49
371.png,35
1320.png,46
1183.png,44
825.png,41
1148.png,44
101.png,31
1499.png,49
1487.png,49
769.png,40
477.png,37
600.png,38
226.png,33
495.png,37
130.png,31
690.png,39
1512.png,49
1430.png,48
1191.png,45
895.png,42
1242.png,45
1152.png,44
1429.png,48
120.png,31
913.png,42
66.png,31
1673.png,53
360.png,35
466.png,37
937.png,42
1803.png,55
1168.png,44
314.png,34
927.png,42
1852.png,56
13.png,31
733.png,40
1682.png,53
573.png,38
1114.png,44
60.png,31
1371.png,47
259.png,33
1034.png,43
160.png,32
567.png,38
1330.png,47
1580.png,51
835.png,41
16.png,31
581.png,38
58.png,31
1406.png,48
549.png,37
98.png,31
1544.png,50
1791.png,55
489.png,37
78.png,31
1757.png,54
383.png,35
1162.png,44
1635.png,52
1341.png,47
1680.png,53
1221.png,45
1830.png,56
657.png,39
877.png,41
421.png,36
943.png,42
1528.png,50
930.png,42
281.png,33
816.png,41
1220.png,45
237.png,33
1654.png,52
806.png,41
1016.png,43
509.png,37
171.png,32
821.png,41
1012.png,43
1386.png,47
478.png,37
306.png,33
805.png,41
743.png,40
1863.png,56
1299.png,46
1115.png,44
1089.png,43
1036.png,43
1844.png,56
1027.png,43
1695.png,53
862.png,41
168.png,32
1465.png,49
1527.png,50
408.png,36
1639.png,52
1672.png,52
1590.png,51
539.png,37
1569.png,50
1759.png,54
957.png,42
522.png,37
1824.png,55
473.png,37
65.png,31
670.png,39
446.png,36
162.png,32
1565.png,50
185.png,32
1310.png,46
1592.png,51
629.png,39
1735.png,54
1252.png,45
1746.png,54
719.png,40
528.png,37
286.png,33
1802.png,55
97.png,31
1253.png,45
615.png,38
995.png,43
533.png,37
1437.png,48
1126.png,44
1074.png,43
901.png,42
279.png,33
1317.png,46
310.png,34
1696.png,53
1409.png,48
165.png,32
1623.png,52
1122.png,44
257.png,33
155.png,32
41.png,31
819.png,41
1867.png,56
648.png,39
1711.png,53
411.png,36
652.png,39
1731.png,54
617.png,38
174.png,32
717.png,40
288.png,33
43.png,31
316.png,34
1843.png,56
1160.png,44
795.png,40
610.png,38
1244.png,45
1525.png,50
1775.png,54
800.png,40
335.png,34
1577.png,51
1575.png,51
1514.png,49
121.png,31
1793.png,55
1247.png,45
887.png,41
475.png,37
1108.png,44
841.png,41
152.png,32
1270.png,46
1636.png,52
898.png,42
271.png,33
1776.png,54
1705.png,53
1841.png,56
1856.png,56
542.png,37
1536.png,50
1667.png,52
1783.png,55
1662.png,52
33.png,31
71.png,31
1184.png,44
425.png,36
1439.png,48
134.png,31
1712.png,53
918.png,42
1447.png,48
630.png,39
87.png,31
771.png,40
18.png,31
963.png,42
1103.png,44
188.png,32
708.png,39
691.png,39
1724.png,53
1383.png,47
832.png,41
902.png,42
161.png,32
250.png,33
909.png,42
157.png,32
1174.png,44
659.png,39
1197.png,45
1688.png,53
663.png,39
241.png,33
372.png,35
602.png,38
496.png,37
1236.png,45
1608.png,51
754.png,40
911.png,42
1357.png,47
282.png,33
932.png,42
1612.png,51
611.png,38
313.png,34
1477.png,49
248.png,33
1855.png,56
1441.png,48
607.png,38
1202.png,45
338.png,34
166.png,32
1091.png,43
910.png,42
141.png,32
122.png,31
1876.png,56
1408.png,48
5.png,31
110.png,31
1258.png,45
1818.png,55
1684.png,53
1039.png,43
1204.png,45
1272.png,46
763.png,40
1213.png,45
1127.png,44
618.png,38
298.png,33
940.png,42
550.png,37
867.png,41
1182.png,44
1133.png,44
1497.png,49
1346.png,47
614.png,38
1150.png,44
537.png,37
1687.png,53
375.png,35
1217.png,45
1471.png,49
404.png,35
1723.png,53
1801.png,55
401.png,35
734.png,40
1560.png,50
560.png,37
350.png,34
656.png,39
273.png,33
689.png,39
1795.png,55
1333.png,47
1195.png,45
570.png,38
1104.png,44
47.png,31
883.png,41
1254.png,45
1703.png,53
195.png,33
1693.png,53
92.png,31
1594.png,51
1718.png,53
1753.png,54
132.png,31
21.png,31
1597.png,51
884.png,41
984.png,42
1653.png,52
151.png,32
1800.png,55
1440.png,48
124.png,31
1715.png,53
596.png,38
384.png,35
1101.png,44
1669.png,52
1515.png,49
1849.png,56
1542.png,50
1278.png,46
1230.png,45
934.png,42
1015.png,43
1531.png,50
1644.png,52
309.png,33
752.png,40
147.png,32
791.png,40
415.png,36
227.png,33
1796.png,55
644.png,39
308.png,33
958.png,42
830.png,41
214.png,33
889.png,42
1005.png,43
1831.png,56
1424.png,48
301.png,33
1372.png,47
609.png,38
380.png,35
775.png,40
189.png,32
388.png,35
440.png,36
1624.png,52
1210.png,45
1606.png,51
700.png,39
397.png,35
622.png,39
992.png,43
302.png,33
1233.png,45
973.png,42
1540.png,50
850.png,41
777.png,40
1442.png,48
324.png,34
343.png,34
199.png,33
1733.png,54
1137.png,44
458.png,37
638.png,39
844.png,41
61.png,31
1448.png,48
85.png,31
1535.png,50
17.png,31
1599.png,51
998.png,43
1861.png,56
565.png,38
27.png,31
1255.png,45
1225.png,45
1041.png,43
1521.png,50
1375.png,47
346.png,34
1143.png,44
837.png,41
990.png,43
229.png,33
1083.png,43
571.png,38
500.png,37
1245.png,45
28.png,31
633.png,39
1868.png,56
1079.png,43
818.png,41
1008.png,43
756.png,40
790.png,40
1685.png,53
386.png,35
491.png,37
1418.png,48
453.png,36
1401.png,48
1215.png,45
1082.png,43
1541.png,50
113.png,31
1713.png,53
1858.png,56
373.png,35
205.png,33
1656.png,52
1199.png,45
1771.png,54
912.png,42
223.png,33
710.png,39
1522.png,50
880.png,41
427.png,36
1056.png,43
870.png,41
268.png,33
1611.png,51
1228.png,45
1444.png,48
1414.png,48
428.png,36
802.png,40
741.png,40
896.png,42
892.png,42
459.png,37
1490.png,49
941.png,42
786.png,40
1232.png,45
891.png,42
1627.png,52
504.png,37
1116.png,44
693.png,39
721.png,40
808.png,41
357.png,34
1032.png,43
555.png,37
576.png,38
1558.png,50
1018.png,43
546.png,37
747.png,40
1621.png,51
1069.png,43
24.png,31
829.png,41
1646.png,52
650.png,39
0.png,31
1241.png,45
699.png,39
620.png,38
529.png,37
1865.png,56
303.png,33
1222.png,45
1811.png,55
1869.png,56
1708.png,53
538.png,37
1359.png,47
701.png,39
1098.png,44
715.png,40
1393.png,48
1308.png,46
1297.png,46
1314.png,46
1066.png,43
1474.png,49
1679.png,53
776.png,40
1380.png,47
977.png,42
660.png,39
256.png,33
985.png,42
344.png,34
856.png,41
460.png,37
191.png,33
640.png,39
502.png,37
106.png,31
1194.png,45
1500.png,49
1358.png,47
143.png,32
437.png,36
727.png,40
1339.png,47
1017.png,43
554.png,37
1717.png,53
1031.png,43
139.png,32
1161.png,44
1596.png,51
1648.png,52
348.png,34
19.png,31
1384.png,47
435.png,36
764.png,40
677.png,39
202.png,33
1355.png,47
452.png,36
1825.png,55
433.png,36
848.png,41
140.png,32
1344.png,47
368.png,35
467.png,37
954.png,42
