18459.png,152
116320.png,919
60004.png,514
75561.png,601
103232.png,827
85136.png,621
73852.png,600
49210.png,194
80288.png,610
79625.png,608
129763.png,968
144750.png,1086
92170.png,716
111185.png,889
123494.png,949
17547.png,151
27812.png,166
121860.png,944
109138.png,888
89387.png,698
27019.png,166
120133.png,943
16478.png,117
148833.png,1315
12542.png,89
72939.png,582
23393.png,162
101531.png,791
113209.png,894
43566.png,186
115205.png,916
149705.png,1382
25580.png,164
150445.png,1394
10575.png,88
33281.png,177
53574.png,266
72355.png,582
22090.png,157
59469.png,513
33844.png,177
130842.png,971
56780.png,511
37749.png,182
31760.png,176
14199.png,116
142869.png,1074
131242.png,972
89652.png,698
133169.png,997
56136.png,508
95037.png,753
147487.png,1168
49661.png,254
120013.png,943
14129.png,116
40304.png,183
31432.png,175
85707.png,622
122275.png,944
7453.png,82
117404.png,922
77676.png,603
55127.png,267
115916.png,918
84481.png,618
57726.png,512
96398.png,761
138813.png,1051
111815.png,890
17912.png,151
15933.png,117
91551.png,713
138114.png,1045
112944.png,891
128640.png,960
62777.png,524
10019.png,88
140305.png,1064
137286.png,1037
147424.png,1117
136201.png,1010
128969.png,968
130932.png,971
13490.png,107
121301.png,944
12174.png,89
39335.png,183
53269.png,265
54237.png,266
27670.png,166
13243.png,102
96645.png,762
86749.png,635
57547.png,512
144394.png,1082
67079.png,536
115483.png,918
58716.png,513
58492.png,513
4239.png,81
36005.png,181
68099.png,536
58830.png,513
47336.png,193
146748.png,1111
13603.png,110
128463.png,960
18511.png,152
109309.png,888
57707.png,512
51199.png,259
979.png,42
35860.png,181
12787.png,93
123788.png,950
17416.png,151
140663.png,1066
82454.png,616
32340.png,176
66249.png,533
45882.png,191
8779.png,88
102850.png,827
29634.png,169
59974.png,514
55188.png,267
75992.png,603
20926.png,155
99485.png,770
108906.png,888
89765.png,698
62343.png,524
96663.png,762
54151.png,266
110941.png,889
44387.png,189
116499.png,919
70725.png,564
56277.png,510
100713.png,778
58800.png,513
9583.png,88
1530.png,50
102827.png,827
36899.png,182
134552.png,1004
98243.png,767
145007.png,1086
62943.png,524
32226.png,176
75061.png,601
46363.png,191
110992.png,889
138970.png,1051
92218.png,716
68634.png,537
102267.png,812
54192.png,266
50595.png,257
21543.png,156
82108.png,615
125676.png,953
32309.png,176
150180.png,1385
59375.png,513
72042.png,582
62560.png,524
148559.png,1187
77653.png,603
85751.png,622
16295.png,117
16882.png,150
46652.png,192
83985.png,618
98676.png,768
126417.png,957
90742.png,711
20821.png,155
40973.png,183
17847.png,151
56896.png,511
7020.png,82
30959.png,174
70438.png,555
101919.png,801
2898.png,70
16355.png,117
104907.png,882
106692.png,885
39602.png,183
109507.png,888
121104.png,944
28279.png,167
19249.png,153
17517.png,151
42007.png,184
68096.png,536
52176.png,263
118483.png,924
54733.png,267
80276.png,610
117819.png,923
37784.png,182
36670.png,182
3934.png,81
113682.png,912
115779.png,918
105569.png,882
121889.png,944
125564.png,951
69056.png,537
514.png,37
44947.png,190
44094.png,189
75284.png,601
110042.png,888
55019.png,267
71584.png,574
130165.png,968
35348.png,180
22433.png,158
121635.png,944
135404.png,1007
147046.png,1115
115025.png,916
88730.png,678
75344.png,601
100601.png,778
97176.png,765
52576.png,265
68572.png,537
11739.png,89
102918.png,827
32734.png,176
103619.png,838
28687.png,168
56545.png,511
37517.png,182
29924.png,169
120933.png,944
37356.png,182
69919.png,549
77850.png,603
7161.png,82
149261.png,1371
145985.png,1102
65737.png,533
132338.png,993
42848.png,185
18707.png,152
78726.png,605
33819.png,177
118333.png,923
34359.png,178
109700.png,888
39233.png,183
102644.png,823
19965.png,153
117919.png,923
136642.png,1012
49739.png,254
47284.png,193
36627.png,182
100384.png,778
129306.png,968
92058.png,716
10767.png,88
39498.png,183
130366.png,968
80891.png,613
117933.png,923
67699.png,536
17730.png,151
120038.png,943
49410.png,194
37883.png,182
6839.png,82
66682.png,534
89503.png,698
78916.png,605
142022.png,1066
90185.png,698
87975.png,650
95497.png,756
45013.png,190
122463.png,944
127776.png,959
107510.png,886
143309.png,1074
122866.png,945
75453.png,601
130660.png,968
75969.png,603
48104.png,193
14017.png,116
147410.png,1117
128408.png,960
36121.png,181
74711.png,601
31842.png,176
44803.png,190
69523.png,539
151150.png,1400
148579.png,1187
38775.png,183
86715.png,635
15129.png,116
115237.png,916
116058.png,918
17452.png,151
117400.png,922
149738.png,1382
134675.png,1005
6088.png,82
93565.png,751
87170.png,636
14320.png,116
44305.png,189
149342.png,1371
13681.png,111
3234.png,73
64417.png,530
98859.png,768
30012.png,170
10803.png,88
32358.png,176
91924.png,716
73751.png,600
5879.png,82
14645.png,116
22849.png,159
56162.png,508
100265.png,777
43992.png,188
106545.png,884
150699.png,1395
86563.png,635
78046.png,603
144939.png,1086
47120.png,193
2442.png,59
29805.png,169
61681.png,523
16510.png,117
119635.png,943
115402.png,917
44323.png,189
12561.png,90
103478.png,837
25710.png,165
126869.png,958
53383.png,265
86570.png,635
38805.png,183
5209.png,82
51838.png,262
99080.png,768
2412.png,59
63147.png,526
13606.png,110
39765.png,183
61550.png,523
127982.png,960
116866.png,920
28259.png,166
119554.png,943
2298.png,59
127018.png,958
114040.png,912
20826.png,155
86023.png,622
38787.png,183
95771.png,756
110867.png,889
5237.png,82
58445.png,513
66353.png,534
107940.png,887
5892.png,82
128826.png,965
3987.png,81
79198.png,605
79092.png,605
130729.png,968
102904.png,827
21806.png,157
59216.png,513
68835.png,537
140671.png,1066
114357.png,913
140919.png,1066
71588.png,574
62481.png,524
42885.png,185
83988.png,618
112429.png,891
50136.png,257
19041.png,152
29998.png,170
72202.png,582
105579.png,882
70398.png,555
149196.png,1369
51439.png,261
97461.png,767
108391.png,888
29246.png,168
107443.png,886
16334.png,117
44990.png,190
112996.png,891
31640.png,175
68594.png,537
148828.png,1315
78796.png,605
143902.png,1077
124820.png,951
1724.png,53
67284.png,536
83903.png,618
142292.png,1066
53783.png,266
39564.png,183
107061.png,886
137685.png,1045
143975.png,1078
108786.png,888
70804.png,564
18411.png,152
25131.png,164
143351.png,1074
136342.png,1011
98499.png,768
10425.png,88
115192.png,916
125465.png,951
84219.png,618
62871.png,524
89032.png,683
109795.png,888
108367.png,888
16449.png,117
76481.png,603
59682.png,513
35237.png,180
140152.png,1062
1009.png,43
82673.png,617
86780.png,635
76747.png,603
39901.png,183
17982.png,151
49793.png,254
36649.png,182
99044.png,768
113886.png,912
112175.png,891
36855.png,182
7815.png,87
58841.png,513
73958.png,600
12192.png,89
103187.png,827
125814.png,956
61698.png,523
104734.png,882
108870.png,888
62251.png,524
133313.png,998
78674.png,605
58424.png,512
137375.png,1037
84128.png,618
138047.png,1045
14180.png,116
3201.png,73
63912.png,528
131438.png,973
145335.png,1093
58264.png,512
10092.png,88
43688.png,186
135265.png,1007
136387.png,1011
80193.png,610
27505.png,166
54419.png,266
14597.png,116
138429.png,1046
71708.png,574
99177.png,768
55925.png,268
2045.png,59
15967.png,117
462.png,37
94832.png,753
85702.png,622
2064.png,59
58561.png,513
119807.png,943
81880.png,615
5893.png,82
136246.png,1010
141598.png,1066
39815.png,183
66696.png,534
24817.png,164
15611.png,116
68540.png,537
121474.png,944
69493.png,539
78138.png,604
82821.png,617
21682.png,157
7127.png,82
2071.png,59
119556.png,943
72862.png,582
2811.png,59
30052.png,170
43379.png,186
46463.png,191
49476.png,195
35684.png,181
35584.png,181
49005.png,194
116160.png,918
31653.png,175
74208.png,601
112109.png,891
4007.png,81
24366.png,163
68498.png,537
73313.png,591
81461.png,615
64333.png,529
131383.png,973
8184.png,87
51266.png,260
14928.png,116
146978.png,1115
56762.png,511
99754.png,771
50439.png,257
29110.png,168
11694.png,89
106655.png,884
119234.png,936
83046.png,618
43263.png,186
59539.png,513
81379.png,615
111338.png,889
26097.png,166
77747.png,603
145922.png,1102
8652.png,88
90199.png,698
107819.png,887
132164.png,992
143643.png,1075
115994.png,918
102136.png,809
23665.png,162
53100.png,265
80931.png,613
69274.png,538
43539.png,186
14474.png,116
18317.png,151
73943.png,600
34750.png,179
87589.png,647
84490.png,618
135432.png,1007
139935.png,1062
114416.png,913
124717.png,951
69856.png,544
13108.png,99
147735.png,1169
110800.png,889
54505.png,267
121045.png,944
52110.png,263
98350.png,767
87899.png,650
116333.png,919
19628.png,153
34877.png,180
39783.png,183
124047.png,950
57049.png,511
98472.png,768
86081.png,630
69276.png,538
9600.png,88
123062.png,946
121402.png,944
15054.png,116
125836.png,956
14632.png,116
53017.png,265
116730.png,920
74939.png,601
85985.png,622
58233.png,512
90480.png,698
69545.png,540
40212.png,183
84173.png,618
110568.png,889
13572.png,108
4142.png,81
133664.png,999
58998.png,513
135315.png,1007
142331.png,1066
148135.png,1177
124564.png,951
139206.png,1053
105507.png,882
110748.png,889
121453.png,944
15207.png,116
104507.png,882
51743.png,262
112771.png,891
126663.png,957
60861.png,520
91877.png,716
10055.png,88
99610.png,770
91423.png,713
68483.png,537
89845.png,698
1577.png,51
129272.png,968
2108.png,59
131145.png,972
21306.png,156
16936.png,150
101899.png,801
52244.png,264
49624.png,197
12814.png,94
48650.png,194
58427.png,512
77722.png,603
145326.png,1093
89729.png,698
40778.png,183
15104.png,116
72501.png,582
92572.png,728
74760.png,601
8092.png,87
121976.png,944
29718.png,169
27797.png,166
117203.png,921
24490.png,163
116337.png,919
25453.png,164
116784.png,920
55352.png,268
102406.png,817
76813.png,603
57723.png,512
134436.png,1004
86853.png,635
28523.png,167
124741.png,951
79021.png,605
80639.png,612
107391.png,886
61085.png,520
89591.png,698
46231.png,191
73628.png,595
114126.png,912
8880.png,88
3543.png,77
24803.png,164
47600.png,193
143089.png,1074
94156.png,753
3424.png,76
35571.png,181
131759.png,974
101983.png,801
88412.png,661
86033.png,630
110808.png,889
53006.png,265
50681.png,257
93860.png,753
46516.png,191
88820.png,679
124139.png,950
58412.png,512
61912.png,524
116361.png,919
17950.png,151
95615.png,756
138757.png,1051
3751.png,79
22325.png,158
106710.png,885
140286.png,1064
111323.png,889
118240.png,923
59401.png,513
54908.png,267
109703.png,888
3816.png,81
97235.png,765
133698.png,999
83081.png,618
121785.png,944
49006.png,194
123954.png,950
103019.png,827
58220.png,512
135574.png,1007
140631.png,1066
113916.png,912
110.png,31
122680.png,944
143402.png,1074
73051.png,583
18351.png,152
47114.png,193
86062.png,630
147016.png,1115
145893.png,1102
6266.png,82
28616.png,167
107506.png,886
150708.png,1395
79096.png,605
80412.png,610
123333.png,948
22412.png,158
40151.png,183
102065.png,809
52164.png,263
52864.png,265
70541.png,555
24310.png,163
24118.png,162
16881.png,150
84827.png,620
75407.png,601
58464.png,513
70924.png,574
84622.png,618
103715.png,881
110836.png,889
85331.png,622
13474.png,106
51338.png,260
42013.png,184
27823.png,166
146408.png,1103
131012.png,972
83862.png,618
143546.png,1074
5806.png,82
86039.png,630
80130.png,610
3351.png,75
18253.png,151
64308.png,529
3633.png,78
96292.png,759
75830.png,603
1607.png,51
87051.png,636
52756.png,265
113049.png,891
24722.png,164
83380.png,618
114901.png,915
63024.png,524
24314.png,163
111941.png,891
139766.png,1062
38602.png,183
108715.png,888
16601.png,117
115106.png,916
80308.png,610
46393.png,191
59975.png,514
114150.png,912
110891.png,889
132238.png,993
109799.png,888
93597.png,751
93467.png,748
144255.png,1080
145651.png,1101
1097.png,44
99563.png,770
19802.png,153
64537.png,530
4274.png,81
76371.png,603
29063.png,168
12727.png,92
18950.png,152
111513.png,890
44427.png,189
53966.png,266
68884.png,537
28615.png,167
15370.png,116
112961.png,891
47085.png,193
40017.png,183
126147.png,957
8616.png,88
115364.png,917
108559.png,888
117328.png,922
24095.png,162
20193.png,154
129293.png,968
75879.png,603
28665.png,168
90679.png,711
80138.png,610
53240.png,265
87805.png,650
26542.png,166
53127.png,265
64083.png,528
36891.png,182
61118.png,520
12185.png,89
53192.png,265
114468.png,913
140981.png,1066
19726.png,153
2770.png,59
82651.png,617
83025.png,618
1723.png,53
84905.png,620
14958.png,116
42676.png,185
107410.png,886
15386.png,116
17839.png,151
23685.png,162
2659.png,59
90499.png,698
44092.png,189
144039.png,1078
42667.png,185
76105.png,603
44368.png,189
114549.png,914
48636.png,194
64797.png,530
4655.png,81
68545.png,537
63938.png,528
72063.png,582
51628.png,261
5768.png,82
95444.png,756
18047.png,151
119543.png,943
88938.png,679
89538.png,698
130978.png,972
112315.png,891
79628.png,609
96218.png,758
13125.png,100
147809.png,1169
84982.png,621
117876.png,923
84625.png,618
144557.png,1086
8539.png,88
49214.png,194
3404.png,75
76875.png,603
5877.png,82
141767.png,1066
137854.png,1045
33988.png,178
137032.png,1019
98496.png,768
91972.png,716
