272-24-03.png,0
274-22-05.png,0
278-25-04.png,0
270-10-09.png,1
271-21-03.png,1
272-04-03.png,1
273-20-04.png,2
301-29-06.png,2
305-25-03.png,2
300-12-02.png,3
304-01-06.png,3
305-02-05.png,3
271-23-08.png,4
276-28-02.png,4
279-19-08.png,4
271-06-05.png,5
273-26-05.png,5
274-04-07.png,5
276-07-04.png,6
304-24-08.png,6
307-25-06.png,6
300-21-04.png,7
303-02-01.png,7
304-21-05.png,7
273-20-03.png,8
276-27-04.png,8
277-32-08.png,8
271-09-04.png,9
278-30-02.png,9
303-28-03.png,9
271-28-05.png,10
273-25-02.png,10
275-11-06.png,10
272-27-04.png,11
275-10-07.png,11
300-07-05.png,11
273-14-04.png,12
278-24-07.png,12
302-32-05.png,12
270-12-01.png,13
272-02-06.png,13
274-01-06.png,13
270-29-01.png,14
274-16-09.png,14
276-17-05.png,14
272-11-01.png,15
276-25-06.png,15
279-09-02.png,15
270-04-02.png,16
272-02-03.png,16
273-03-07.png,16
271-19-01.png,17
277-05-08.png,17
304-07-03.png,17
276-24-06.png,18
304-26-03.png,18
306-27-04.png,18
273-18-04.png,19
277-17-01.png,19
278-11-01.png,19
275-23-06.png,20
301-21-05.png,20
304-16-07.png,20
273-05-01.png,21
301-15-06.png,21
302-10-04.png,21
274-12-04.png,22
276-32-07.png,22
277-21-06.png,22
276-32-03.png,23
301-36-02.png,23
305-27-01.png,23
273-31-02.png,24
278-29-05.png,24
300-08-07.png,24
271-17-03.png,25
276-27-01.png,25
303-23-09.png,25
271-21-07.png,26
275-04-06.png,26
278-04-01.png,26
301-34-06.png,27
302-24-05.png,27
303-16-01.png,27
271-09-05.png,28
271-15-02.png,28
271-18-07.png,28
271-34-09.png,29
272-20-04.png,29
272-22-04.png,29
